{
  "0": {
    "handle_left": [
      2.777250289916992,
      0.6249623894691467,
      0.0
    ],
    "co": [
      2.992664337158203,
      -0.2417435348033905,
      0.0
    ],
    "handle_right": [
      1.0,
      -0.10000000149011612,
      0.0
    ]
  },
  "1": {
    "handle_left": [
      0.4000000059604645,
      -1.0,
      0.0
    ],
    "co": [
      0.0,
      -2.1055381298065186,
      0.0
    ],
    "handle_right": [
      -0.4000000059604645,
      -1.0,
      0.0
    ]
  },
  "2": {
    "handle_left": [
      -1.0,
      -0.10000000149011612,
      0.0
    ],
    "co": [
      -2.992664337158203,
      -0.2417435348033905,
      0.0
    ],
    "handle_right": [
      -2.777250289916992,
      0.6249623894691467,
      0.0
    ]
  },
  "3": {
    "handle_left": [
      -3.9149415493011475,
      1.9214401245117188,
      0.0
    ],
    "co": [
      -4.942530632019043,
      2.2690517902374268,
      0.0
    ],
    "handle_right": [
      -3.1139159202575684,
      2.2686445713043213,
      0.0
    ]
  },
  "4": {
    "handle_left": [
      -3.091409206390381,
      1.7457845211029053,
      0.0
    ],
    "co": [
      -1.6722878217697144,
      1.7450473308563232,
      0.0
    ],
    "handle_right": [
      -1.6171010732650757,
      0.8372761607170105,
      0.0
    ]
  },
  "5": {
    "handle_left": [
      -0.4531269073486328,
      1.277639627456665,
      0.0
    ],
    "co": [
      -0.3815760612487793,
      1.3781492710113525,
      0.0
    ],
    "handle_right": [
      -0.3082170784473419,
      1.560435175895691,
      0.0
    ]
  },
  "6": {
    "handle_left": [
      -0.3649035692214966,
      1.9077788591384888,
      0.0
    ],
    "co": [
      -0.3015480935573578,
      2.0083694458007812,
      0.0
    ],
    "handle_right": [
      -0.2926560938358307,
      1.8833258152008057,
      0.0
    ]
  },
  "7": {
    "handle_left": [
      -0.2520863711833954,
      1.743276834487915,
      0.0
    ],
    "co": [
      -0.20984937250614166,
      1.6249021291732788,
      0.0
    ],
    "handle_right": [
      -0.09999999403953552,
      1.649999976158142,
      0.0
    ]
  },
  "8": {
    "handle_left": [
      0.09999999403953552,
      1.649999976158142,
      0.0
    ],
    "co": [
      0.20984937250614166,
      1.6249021291732788,
      0.0
    ],
    "handle_right": [
      0.2520863711833954,
      1.743276834487915,
      0.0
    ]
  },
  "9": {
    "handle_left": [
      0.2926560938358307,
      1.8833258152008057,
      0.0
    ],
    "co": [
      0.3015480935573578,
      2.0083694458007812,
      0.0
    ],
    "handle_right": [
      0.3649035692214966,
      1.9077788591384888,
      0.0
    ]
  },
  "10": {
    "handle_left": [
      0.3082170784473419,
      1.560435175895691,
      0.0
    ],
    "co": [
      0.3815760612487793,
      1.3781492710113525,
      0.0
    ],
    "handle_right": [
      0.4531269073486328,
      1.277639627456665,
      0.0
    ]
  },
  "11": {
    "handle_left": [
      1.6171010732650757,
      0.8372761607170105,
      0.0
    ],
    "co": [
      1.6722878217697144,
      1.7450473308563232,
      0.0
    ],
    "handle_right": [
      3.091409206390381,
      1.7457845211029053,
      0.0
    ]
  },
  "12": {
    "handle_left": [
      3.1139159202575684,
      2.2686445713043213,
      0.0
    ],
    "co": [
      4.942530632019043,
      2.2690517902374268,
      0.0
    ],
    "handle_right": [
      3.9149415493011475,
      1.9214401245117188,
      0.0
    ]
  },
  "closed": true
}
